Open,Close.Last
23563.84,23406.46
23407.72,23468.3
23354.85,23527.17
22892.92,23004.54
23461.29,23053.99
23358.07,23499.8
23458.21,23348.64
23951.91,23834.72
23941.78,23724.96
23793.08,23581.14
23987.29,23958.47
23766.46,23827.49
23537.32,23637.46
23143.23,23204.87
22751.33,22941.8
22940.79,22740.4
22984.55,22953.67
22844.82,22990.54
22489.81,22679.97
22764.4,22562.54
22738.5,22670.08
22388.04,22521.7
22578.67,22694.61
23043.52,22204.43
23045.33,23024.63
22852.32,23043.38
22972.37,22788.36
22894.35,22941.67
22886.16,22780.51
22885.9,22844.05
22530.95,22755.16
22580.36,22660.01
22605.3,22591.15
22403.27,22484.07
22318.77,22384.7
22656.02,22497.85
22782.72,22573.47
22606.59,22788.98
22554.32,22631.48
22439.11,22470.73
22333.02,22261.33
22397.5,22333.96
22243.2,22348.75
22078.63,22141.1
21977.51,22043.07
21980.6,21886.06
21858.17,21879.49
21806.22,21798.7
21860.44,21700.39
21539.91,21707.69
21461.63,21497.73
21086.58,21279.63
21630.33,21455.55
21619.27,21705.16
21526.33,21590.14
21443.63,21544.27
21466.47,21449.29
21139.83,21496.53
21112.52,21100.31
21269.67,21172.86
21607.45,21314.95
21616.82,21629.77
21709.34,21622.98
21649.21,21710.67
21764.55,21713.14
21507.44,21681.9
21459.65,21385.4
21316.37,21450.02
21325.01,21242.7
20955.22,21169.42
21092.1,20916.55
20853.91,21053.58
20830.64,20650.13
21457.48,21122.45
21140.4,21129.67
21286.73,21098.29
21176.4,21178.58
21059.94,21108.32
21083.82,21057.96
20966.47,21020.02
20982.21,20892.68
20960.33,20974.17
20959.57,20895.66
20760.32,20885.65
20717.81,20730.49
20822.76,20677.8
20592.56,20640.33
20562.88,20585.53
20636.48,20630.66
20522.09,20611.34
20466.93,20418.46
20490.55,20412.52
20497.66,20601.1
20184.37,20393.13
20290.61,20202.89
20360.15,20369.73
20217.26,20273.46
20062.19,20167.91
20013.95,19973.55
19809.61,19912.53
19427.01,19630.97
19639.41,19447.41
19526.92,19546.27
19627.08,19521.09
19550.75,19701.21
19450.92,19406.83
19578.87,19662.48
19779.35,19615.88
19620.11,19714.99
19573.14,19591.24
19526.99,19529.95
19518.2,19298.45
19434.94,19460.49
19288.66,19398.96
19063.06,19242.61
19131.22,19113.77
19389.39,19175.87
19232.62,19100.94
19014.44,19199.16
18622.38,18737.21
18888.05,18925.73
19002.94,18872.64
19132.06,19142.71
18937.42,19215.46
19151.54,19211.1
19031.24,19112.32
19074.72,19146.81
18761.23,19010.08
18674.55,18708.34
18022.55,17928.92
17920.15,17928.14
17706.83,17738.16
17623.21,17689.66
17817.01,17844.24
17868.76,17977.73
17793.14,17710.74
17099.98,17446.34
17270.76,17461.32
17390.93,17366.13
17182.11,17382.94
16754.76,17166.04
16880.29,16708.05
16079.94,16300.42
16052.76,15870.9
16399.97,16286.45
16499.69,16307.16
16842.39,16823.17
17120.44,16831.48
16358.53,16724.46
16635.45,16387.31
15295.44,17124.97
16181.04,15267.91
14978.03,15603.26
16045.6,15587.79
16790.53,16550.61
17207.01,17601.05
17221.55,17449.89
17045.44,17299.29
17722.09,17322.99
17811.24,17804.03
18217.33,17899.01
18207.97,18271.86
18046.18,18188.59
17519.84,17784.05
17586.06,17691.63
17590.12,17750.79
17662.57,17504.12
17722.55,17808.66
17523.3,17754.09
17598.56,17303.01
17711.41,17648.45
17443.09,17436.1
17840.32,17468.32
18029.85,18196.22
18204.53,18069.26
18312.97,18552.73
18176.43,18285.16
18923.36,18350.19
18477.17,18847.28
19212.36,18544.42
19109.32,19075.26
19242.61,19026.39
19590.85,19286.92
20006.69,19524.01
20029.19,19962.36
19994.5,20056.25
20090.55,20041.26
19956.82,20026.77
19696.92,19945.64
19436.51,19649.95
19602.11,19643.86
19668.18,19714.27
19774.87,19523.4
19725.83,19791.99
19533.05,19692.33
19422.17,19654.01
19215.37,19391.96
19832.33,19627.44
19697.52,19681.75
19695.68,19632.32
19418.22,19733.59
19234.04,19341.83
20087.1,19954.3
19906.99,20053.68
19903.05,20009.34
19734.39,19756.78
19655.55,19630.2
19573.87,19338.29
19350.31,19511.23
19207.75,19044.39
18903.66,19088.1
19312.26,19161.63
19469.36,19478.88
19938.08,19489.68
19851.99,19864.98
19395.51,19621.68
19403.9,19280.79
19551.36,19310.79
19460.41,19486.78
19896.77,19722.03
19979.25,20020.36
19818.48,20031.13
19641.05,19764.89
19190.04,19572.6
19565.66,19372.77
20114.98,19392.69
20095.62,20109.06
20016.12,20173.89
19995.18,19926.72
19947.34,19902.84
19832.96,20034.89
19796.39,19687.24
19824.09,19736.69
19743.96,19859.77
19756.4,19700.72
19587.48,19735.12
19364.34,19480.91
19255.42,19403.95
19087.47,19218.17
19132.99,19060.48
19109.08,19175.58
19140.59,19054.83
18966.32,19003.65
19072.78,18972.42
18971.31,18966.14
18699.7,18987.47
18717.93,18791.81
18929.92,18680.12
19256.09,19107.65
19286.46,19230.73
19289.81,19281.4
19355.34,19298.76
19255.14,19286.78
19084.43,19269.46
18772.76,18983.47
18250.71,18439.17
18220.43,18179.98
18189.67,18239.92
18427.31,18095.15
18731.69,18607.93
18576.09,18712.75
18648.25,18567.19
18512.58,18518.61
18384.15,18415.49
18502.06,18276.65
18451.86,18573.13
18456.48,18540
18466,18489.55
18537.21,18373.61
18333.29,18367.08
18515.97,18315.59
18426.66,18502.69
18217.73,18342.94
18200.62,18282.05
18179.22,18291.62
18017.93,18182.92
18080.11,17923.9
18130.42,18137.85
17859.49,17918.48
17867.12,17925.12
18154.94,17910.36
18069.83,18189.17
18228.78,18119.59
18327.34,18190.29
18050.36,18082.21
18046.44,18074.52
17994.91,17974.27
17999.35,17948.32
17980.89,18013.98
17663.38,17573.3
17707.02,17628.06
17573.7,17592.13
17575.26,17683.98
17413.89,17569.68
17061.41,17395.53
17025.49,17025.88
16835.67,16884.6
17137.62,16690.83
17063.24,17127.66
17015.71,17084.3
17585.45,17136.3
17650.49,17713.62
17610.57,17516.43
17738.8,17556.03
17655.52,17754.82
17867.85,17725.76
17772.73,17877.79
17993.72,17619.35
17840.51,17918.99
17849.09,17816.94
17649.74,17876.77
17516.4,17631.72
17394.55,17594.5
17227.64,17192.6
16944.74,17187.61
16793.64,16780.61
16636.52,16745.3
16408.27,16660.02
16622.31,16195.81
16261.36,16366.85
15712.53,16200.08
16780.45,16776.16
17647.03,17194.15
17499.23,17599.4
17424.1,17147.42
17444.39,17370.2
17331.95,17357.88
17352.64,17181.72
17733.91,17342.41
17982.74,17997.35
17923.65,18007.57
17835.59,17726.94
18119.15,17871.22
18188.19,17996.92
18534.27,18509.34
18485.91,18472.57
18303.64,18398.45
18659.25,18283.41
18512.09,18647.45
18465.02,18429.29
18371.86,18403.74
18200.6,18352.76
18016.12,18188.3
17808.04,18028.76
17773.9,17879.3
17891.1,17732.6
17793.95,17858.68
17697.26,17805.16
17572.16,17717.65
17640.26,17496.82
17681.01,17689.36
17913.94,17721.59
17856.76,17862.23
17697.3,17857.02
17621.18,17688.88
17715.26,17667.56
17502.15,17608.44
17160.42,17343.55
17083.45,17192.53
17124.14,17133.13
17204.87,17173.12
16974.48,17187.9
16823.88,16857.05
16865.7,16828.67
16771.9,16735.02
16878.63,16737.08
16879.35,16920.58
16988.31,17019.88
16786.79,16920.79
16996.39,16736.03
16839.02,16801.54
16736.1,16832.62
16702.02,16794.87
16708.49,16685.97
16738.11,16698.32
16601.14,16742.39
16391.16,16511.18
16400.31,16388.24
16389.02,16340.87
16323.74,16346.26
16226.07,16302.76
16358.34,16332.56
16208.54,16349.25
16147.48,16156.33
15758.11,15840.96
15646.09,15605.48
15920.89,15657.82
16007,15983.08
15821.34,15927.9
15375.26,15611.76
15805.6,15712.75
15525.55,15696.64
15396.13,15451.31
15547.1,15282.01
15705.69,15601.5
15942.29,15683.37
15856.38,15865.25
16276.47,15885.02
16293.03,16175.09
16236.2,16442.2
16104.01,16170.36
16328.76,16306.64
16285.18,16253.96
16095.4,16248.52
16418.57,16049.08
16178.8,16277.46
16199.24,16240.45
16397.05,16396.83
16377.23,16379.46
16424.76,16399.52
16446.85,16315.7
16335.3,16384.47
16387.83,16428.82
16517.24,16401.84
16185.76,16369.41
16031.93,16166.79
16154.92,16103.45
16043.58,15973.17
16209.19,16128.53
16220.11,16177.77
16116.98,16265.64
16052.63,16019.27
16322.1,16085.11
16147.32,16273.38
16092,16031.54
16077.74,15939.59
16264.21,16207.51
16109.83,16274.94
16059.34,16091.92
15969.14,15947.74
16013.98,16035.3
16014.45,15976.25
16094.8,15996.82
15904.48,16041.62
15532.12,15580.87
15679.84,15630.78
15910.43,15775.65
15865.3,15906.17
15781.71,15859.15
15598.88,15655.6
15980.62,15942.55
15842.38,15990.66
15762.23,15793.71
15690.35,15756.64
15638.19,15609
15613.99,15597.68
15403.16,15628.95
15254.02,15361.64
15324.19,15164.01
15628.04,15509.9
15470.66,15628.04
15474.85,15455.36
15555.62,15510.5
15560.61,15481.92
15391.41,15425.94
15393.05,15360.29
15122.38,15310.97
14994.52,15055.65
14814.77,14855.62
14908.26,14944.35
15001.01,14972.76
15020.95,14970.18
14877.7,14969.65
14744.13,14857.71
14564.47,14843.77
14500.11,14524.07
14532.23,14510.3
14641.47,14592.21
14873.7,14765.94
15099.2,15011.35
15142.09,15095.14
15089.66,15099.18
15028.69,15074.57
15006.18,14992.97
14923.14,14963.87
14973.36,14777.94
14923.02,15003.22
14814.02,14905.19
14797.46,14813.92
14798.72,14761.56
14555.68,14733.96
14423.01,14533.4
14340.13,14432.49
14279.46,14403.97
14230.43,14339.99
14325.62,14146.71
14126.4,14229.91
14168.66,14185.49
14181.35,14305.03
14265.05,14226.22
14367.11,14258.49
14224.63,14281.76
14239.31,14241.02
14238.03,14250.85
14283.82,14265.86
14217.23,14199.98
14134.75,14284.53
14101.44,14125.48
14066.88,14113.67
14147.27,14103.84
14015.37,14094.38
13745.96,13767.74
13571.19,13798.11
13693.7,13521.45
13660.22,13650.41
13555.79,13639.86
13514.08,13518.78
13362.85,13478.28
13230.49,13294.19
12887.06,13061.47
12786.62,12851.24
12750.47,12789.48
12718.69,12643.01
12768.97,12595.61
13039.86,12821.22
13084.99,13139.87
12930.85,13018.33
13157.77,12983.81
13354.8,13186.18
13439.68,13314.3
13419.87,13533.75
13453.81,13567.98
13613.59,13407.23
13672.47,13574.22
13619.21,13659.68
13505.81,13562.84
13326.22,13484.24
13127.68,13431.34
13228.12,13219.83
13092.92,13236.01
13229.68,13059.47
13217.98,13307.77
13337.71,13219.32
13043.37,13201.28
13115.36,13092.85
13180.96,13063.61
13172.54,13271.32
13287.17,13211.81
13328.06,13223.98
13710.26,13469.13
13649.44,13678.19
13669.96,13710.24
13889.2,13708.33
13889.76,13926.05
13822.32,13813.59
13858.94,13773.61
13884.03,13917.89
13754.71,13761.53
13675.11,13748.83
13988.81,13872.47
13994.54,14020.95
14129.96,14031.81
14041.54,14034.97
13961.77,14019.31
13687.23,13943.76
13695.36,13705.13
13514.37,13590.65
13834.31,13463.97
13532.43,13721.03
13593.95,13505.87
13347.26,13497.59
13190.02,13290.78
13527.3,13316.93
13593.17,13474.63
13760.48,13631.05
13599,13788.33
13653.46,13644.85
13818.25,13737.99
13897.61,13722.02
13875.45,13884.32
13972.45,13994.4
14105.16,13909.24
13899.76,13959.72
14132.73,13973.45
14274.93,14283.91
14337.9,14346.02
14199.83,14316.66
14319.16,14050.11
14123.52,14127.28
14093.24,14144.56
14081.63,14058.87
14148.18,14032.81
14273.29,14063.31
14398.53,14358.02
14212.25,14353.64
14149.92,14244.95
14166.66,14113.7
14021.15,14138.57
13915.64,13918.96
13709.81,13760.7
13645.37,13685.48
13668.07,13660.72
13653.17,13679.04
13772.1,13791.65
13798.7,13816.77
13719.98,13787.92
13592.36,13591.33
13506.02,13591.75
13389.25,13555.67
13468.74,13335.78
13484.1,13492.52
13443.41,13630.61
13620.87,13502.2
13642.29,13667.29
13859.07,13689.57
13572.88,13782.82
13570.56,13626.48
13566.52,13573.32
13326.37,13461.92
13312.39,13259.14
13113.27,13238.52
13295.26,13104.89
13199.59,13276.42
13238.48,13229.43
13190.48,13240.77
12944.46,13100.98
12968.38,12935.29
13109.1,13017.43
12736.42,12975.69
12706.44,12698.09
12481.89,12484.16
12652.88,12560.25
12664.44,12720.78
12709.46,12657.9
12513.87,12688.84
12388.58,12500.57
12327.05,12343.05
12367.69,12365.21
12350.52,12284.74
12321.26,12328.51
12286.66,12306.44
12195.78,12179.55
12231.68,12256.92
12073.03,12235.41
11997.34,11966.4
12097.04,12025.33
12198.02,12080.51
12210.05,12212.6
12117.54,12226.58
11972.15,12142.24
11913.23,11854.35
11968.81,11799.16
12053.47,12037.2
12046.03,12072.46
12039.08,12059.56
12063.68,12157.23
12234.56,12153.41
12108.23,12157.72
12117.91,12123.47
11997.42,12166.27
12110.87,11929.34
12080.24,12031.88
11975.13,12084.35
11939.08,12087.96
12081.76,11996.86
12208.49,12126.33
12146.09,12189.45
12031.54,12221.91
12010.45,12013.47
11855.59,11926.24
11752.76,11716.08
11868.54,11768.84
11747.62,11823.96
11811.32,11787.4
11857.5,11669.96
11764.79,11860.11
11614.39,11675.54
11696.34,11630.51
11384.87,11717.28
11397.35,11434.05
11357.73,11428.15
11041.46,11188.84
11325.36,11138.89
11578.31,11338.35
11553.09,11576
11670.98,11530.33
11736.87,11675.74
11524.65,11689.01
11273.77,11462.98
11447.58,11379.48
11451.05,11455.54
11517.19,11466.98
11404.18,11394.94
11636.93,11590.4
11517.2,11507.07
11640.37,11492.3
11777.5,11787.27
11896.31,11855.83
11905.12,12070.59
11808.2,11960.15
11759.09,11891.79
11714.6,11718.12
12069.1,11789.58
12069.12,11910.52
11891.25,12113.79
11904.41,11887.45
11946.86,12006.95
12065.15,12200.82
11573.14,11816.32
11398.58,11584.55
11512.34,11393.81
11470.47,11621.71
11458.4,11512.41
11146.53,11313.36
11302.93,11334.27
11171.94,11364.41
10924.66,11140.43
10890.4,10852.27
11170.95,10957.01
11070,11095.11
10906.37,11079.16
10969.26,11001.1
10794.99,10931.67
10607.72,10742.63
10662.1,10635.65
10363.96,10569.29
10390.31,10305.24
10467.82,10458.76
10562.06,10386.98
10368.37,10466.48
10321.46,10478.09
10339.2,10213.29
10462.19,10353.23
10437.75,10497.86
10586.46,10476.12
10592,10709.37
10490.89,10547.11
10707.44,10546.03
10767.63,10705.41
11012.62,10810.53
11248.09,11170.89
11542.84,11256.81
11015.48,11143.74
11038.17,11004.62
11011.33,11082
10963.95,10958.55
11228.42,11014.89
11380.99,11239.94
11308.38,11461.5
11475.17,11482.45
10995.2,11468
11060.02,10983.78
11147.57,11049.5
11231,11226.36
11174.61,11285.32
11058.56,11174.41
11091.01,11024.51
11257.01,11146.06
11008.67,11144.96
11260.1,11183.66
11474.82,11358.41
11233.9,11196.22
11124.75,11323.33
10869.17,11114.15
10531.64,10353.17
10611.53,10616.2
10516.94,10564.52
10548.14,10475.25
10399.45,10342.94
10885.01,10524.8
11154.74,10890.85
11028.43,10988.15
10766.2,11102.45
10971.95,10792.67
10969.02,10970.99
10996.97,11199.12
10867.07,10952.61
10576.04,10859.72
10657.41,10614.84
10689.31,10680.51
10963.99,10772.4
10575.65,10675.8
10742.81,10321.39
10131.82,10649.15
10437,10417.1
10484.37,10426.19
10659.95,10542.1
10877.28,10652.4
11129.04,11073.31
11022.67,11148.64
11054.72,11176.41
10659.01,10815.43
10697.71,10575.62
10894.44,10737.51
10817.52,11051.64
10955.29,10829.5
10833.38,10802.92
10952.69,10867.93
11167.38,11066.81
11466.21,11220.19
11440.14,11425.05
11338.57,11535.02
11401.21,11448.4
11633.24,11552.36
11680.41,11719.68
11908.81,11633.57
12174.94,12266.41
11958.61,12112.31
11679.86,11862.13
11559.38,11791.9
11643.03,11544.91
11899.14,11630.86
11707.44,11785.13
11972.56,11816.2
12093.06,11883.14
12021.05,12017.67
12630.58,12141.71
12506.37,12639.27
12375.15,12431.53
12380.37,12381.3
12523.16,12381.57
12832.27,12705.22
12937.79,12965.34
12968.63,12938.12
13082.64,13102.55
12996.63,13128.05
12866.31,13047.19
12987.95,12779.91
12793.44,12854.8
12557.49,12493.93
12703.72,12644.46
12538.8,12657.55
12675.04,12720.58
12433.87,12668.16
12479.78,12348.76
12317.96,12368.98
12239.69,12390.69
12036.48,12162.59
11756.19,12032.42
11701.53,11562.57
11837.96,11782.67
12025.37,11834.11
11914.15,12059.61
11726.09,11897.65
11515,11713.15
11561.64,11360.05
11379.36,11452.42
11151.21,11251.19
11056.55,11247.58
11420.89,11264.73
11524.49,11372.6
11503.61,11635.31
11422.6,11621.35
11337.9,11361.85
10964.18,11322.24
11006.83,11127.85
11048.25,11028.74
11160.22,11177.89
11542.24,11181.54
11661.02,11524.55
11351.31,11607.62
11137.68,11232.19
10941.95,11053.08
10974.05,11069.3
10697.55,10798.35
10806.02,10646.1
10968.4,11099.15
10897.43,10828.35
10986.85,10809.23
11543.88,11340.02
12016.47,11754.23
12147.28,12086.27
11925.81,12175.23
12200.33,12061.37
12097.12,12012.73
11945.57,12316.9
12176.89,11994.46
12137.54,12081.39
11869.69,12131.13
11409.84,11740.65
11225.03,11434.74
11326.44,11264.45
11395.47,11535.27
11542.67,11354.62
11364.4,11388.5
11790.68,11418.15
11887.98,11984.52
11727.14,11662.79
11555.97,11805
11199.25,11370.96
11645.57,11364.24
11900.34,11737.67
11923.03,11623.25
12246.83,12144.66
12787.52,12317.69
12574.73,12964.86
12511.46,12563.76
12331.69,12536.02
12710.42,12334.64
12712.86,12871.53
12500.88,12488.93
12918.04,12490.74
12749.17,13004.85
13168.8,12839.29
13623.7,13174.65
13665.38,13453.07
13312.44,13619.66
13319.39,13332.36
13647.43,13351.08
13373.12,13643.59
13584.69,13371.57
13547.29,13411.96
13830.47,13711
13861.49,13897.3
14002.58,13888.82
14262.28,14204.17
14304.35,14532.55
14269.53,14261.5
14444.78,14220.52
14558.59,14442.27
14500.39,14619.64
14177.21,14354.9
14194.72,14169.3
14001.32,14191.84
13990.35,13922.6
13866.43,14108.82
13860.39,13838.46
13564.63,13893.84
13360.72,13614.78
13119.36,13436.55
12685.23,12948.62
12795.12,12581.22
13229.77,12843.81
13098.35,13129.96
13113.7,13255.55
12800.04,12795.55
13328.36,12830.96
13455.23,13313.44
13837.59,13537.94
13597.53,13752.02
13716.7,13532.46
13570.83,13751.4
13485.26,13694.62
12587.88,13473.58
13511.75,13037.49
13424.36,13381.52
13735.4,13548.07
14004.19,13716.72
14038.92,14124.09
13997.18,14139.76
13768.97,13790.92
14213.62,13791.15
14228.68,14185.64
14368.16,14490.37
13984.43,14194.45
14118.79,14015.67
13958.48,14098.01
14045.83,13878.82
14494.47,14417.55
14277.43,14346
13812.19,14239.88
13436.71,13770.57
13710.99,13352.78
13871.77,13542.12
13610.87,13539.29
13481.5,13855.13
14046.22,13768.92
14462.85,14154.02
14582.22,14340.26
14681.83,14506.9
14708.02,14893.75
15245.04,14806.81
15263.1,15188.39
14919.26,15153.45
14751.78,14942.83
15095.72,14935.9
15024.15,15080.86
15547.16,15100.17
15852.14,15622.72
15732.5,15832.8
15722.91,15644.97
15758.98,15741.56
15794.92,15766.22
15895.2,15781.72
15696.83,15871.26
15544.79,15653.37
15319.16,15521.89
15140.43,15341.09
14933,14980.94
15036.77,15169.68
15629.08,15180.43
15230.71,15565.58
15215.96,15237.64
15621.27,15413.28
15629.59,15630.6
15720.54,15517.37
15690.65,15786.99
15510.91,15686.92
15117.63,15225.15
15428.71,15085.47
15181.82,15381.32
15752.27,15254.05
15716.5,15537.69
15719.42,15782.83
15664.38,15491.66
15677.88,15845.23
15809.5,15775.14
16120.92,15854.76
16042.16,16057.44
15973.39,15993.71
15973.62,15921.57
15840.32,15973.86
15894.82,15853.85
15752.62,15860.96
15752.08,15704.28
15753.84,15622.71
16024.13,15886.54
15995.72,15982.36
16003.56,15971.59
15849.74,15940.31
15658.52,15811.58
15583.98,15649.6
15541.26,15595.92
15323.29,15498.39
15304.74,15448.12
15276,15235.84
15317.5,15235.71
15165.52,15226.71
15158.06,15090.2
15104.8,15215.7
15160,15121.68
15073.13,15129.09
14839.74,15021.81
14891.24,14897.34
14717.5,14823.43
14537.17,14571.64
14539.09,14465.92
14540.08,14486.2
14694.72,14579.54
14631.8,14654.02
14289.45,14501.91
14312.86,14433.83
14493.12,14255.48
14494.93,14566.7
14582.6,14448.58
14614.88,14512.44
14787.21,14546.68
14954.18,14969.97
14961.61,15047.7
14960,15052.24
14800.59,14896.85
14803.36,14746.4
14758.14,14713.9
15163.35,15043.97
15120.09,15181.92
15071.34,15161.53
15168.45,15037.76
15211.43,15105.58
15332.92,15115.49
15296.06,15248.25
15360.35,15286.64
15375.98,15374.33
15313.41,15363.52
15358.47,15331.18
15308.98,15309.38
15262.88,15259.24
15165.94,15265.89
14969.77,15129.5
15025.17,14945.81
15039.03,15041.86
14978.14,15019.8
14776.98,14942.65
14571.53,14714.66
14423.16,14541.79
14636.24,14525.91
14670.56,14656.18
14771.53,14793.76
14825.07,14822.9
14751.36,14816.26
14834.38,14765.14
14887.74,14788.09
14855.76,14860.18
14864.22,14835.76
14794.08,14895.12
14747.21,14780.53
14713.99,14761.29
14672.68,14681.07
14615.85,14672.68
14771.17,14778.26
14783.54,14762.58
14807.95,14660.58
14821.03,14840.71
14753.06,14836.99
14652.72,14684.6
14508.75,14631.95
14330.46,14498.88
14235.98,14274.98
14597.51,14427.24
14635.78,14543.13
14780.9,14644.95
14715.13,14677.65
14743.86,14733.24
14661.42,14701.92
14409.2,14559.78
14753.41,14665.06
14661.55,14663.64
14582.98,14639.33
14493.69,14522.38
14509.85,14503.95
14509.19,14528.33
14417.81,14500.51
14400.81,14360.39
14357.27,14369.71
14263.38,14271.73
14138.29,14253.27
14047.42,14141.48
14096.93,14030.38
13999.13,14161.35
14085.55,14039.68
14166.64,14072.86
14083.47,14174.14
14030.85,14069.42
13933.88,14020.33
13980.23,13911.75
13946.32,13924.91
13802.82,13881.72
13697.25,13814.49
13655.75,13614.51
13743.24,13756.33
13829.06,13736.48
13792.05,13748.74
13742.58,13736.28
13693.94,13738
13721.54,13657.17
13661.17,13661.17
13616.19,13470.99
13356.63,13535.74
13078.19,13299.74
13416.9,13303.64
13368.8,13379.05
13255.65,13379.05
13150.94,13124.99
13215.49,13031.68
13363.99,13389.43
13687.59,13401.86
13723.09,13752.24
13557.83,13632.84
13731.13,13582.42
13774.51,13633.5
14031.77,13895.12
13970.73,13962.68
14204.51,14082.55
14082.78,14051.03
14170.91,14090.22
14052.38,14138.78
13861.37,14016.81
13952.57,13818.41
13745.77,13950.22
13894.46,13786.27
13984.58,13914.77
14059.11,14052.34
13983.23,14038.76
14005.27,13857.84
13902.45,13996.1
13854.44,13850
13787.01,13900.19
13796.89,13829.31
13675.3,13688.84
13681.67,13698.38
13594.9,13705.59
13414.32,13480.11
13122.57,13246.87
13008.8,13045.39
13103.97,13059.65
12996.03,13138.72
12844.58,12977.68
13289.24,12961.89
13381.43,13227.7
13278.78,13377.54
13119.9,13215.24
13349.2,13116.17
13336.91,13525.2
13523.17,13471.57
13323.47,13459.71
13222.81,13319.86
13273.31,13398.67
13234.73,13068.83
12923.07,13073.82
12904.26,12609.16
12860.04,12920.15
12953.99,12723.47
13336.25,12997.75
13599.45,13358.79
13406.16,13588.83
13192.35,13192.35
13512.64,13119.43
13400.25,13597.97
13262.61,13465.2
13714.2,13533.05
13929.2,13874.46
13814.67,13865.36
13911.65,13965.49
14152.21,14047.5
13979.21,14095.47
14045.21,14025.77
14093.35,13972.53
13966.81,14007.7
13937.06,13987.64
13824.88,13856.3
13674.06,13777.74
13718.31,13610.54
13543.1,13612.78
13226.18,13403.39
13284.72,13070.69
13323.29,13337.16
13486.58,13270.6
13681.72,13626.06
13681.21,13635.99
13474.81,13543.06
13521.48,13530.91
13342.55,13457.25
13132.73,13197.18
13099.9,12998.5
13174.75,13112.64
13088.01,13128.95
13062.06,13072.43
13048.78,13036.43
13160.22,13201.98
12867.34,13067.48
12666.15,12740.79
12665.65,12818.96
12958.52,12698.45
12877.09,12888.28
12906.51,12870
12965.39,12850.22
12914.64,12899.42
12791.54,12804.73
12834.94,12771.11
12785.22,12807.92
12596.14,12742.52
12804.93,12755.64
12730.78,12764.75
12611.04,12658.19
12543.26,12595.06
12447.44,12440.04
12336.79,12377.87
12247.55,12405.81
12591.69,12338.95
12503.17,12582.77
12461,12519.95
12399.32,12464.23
12369.26,12377.18
12285.75,12349.37
12313.36,12355.11
12224.25,12198.74
12159.18,12205.85
12069.34,12094.4
11939.33,12037.33
11916.76,11881.17
11892.7,11854.97
11779.04,11904.71
11896.06,11801.6
11913.35,11899.34
11847.11,11924.13
11794.94,11829.29
